{"imagenet": 84.218, "cifar10": 97.96000000000001, "cifar100": 88.5, "oxford_pets": 90.65, "oxford_flowers": 98.21428571428571}
