{"imagenet": 84.962, "cifar10": 99.05151757188499, "cifar100": 93.21086261980831, "oxford_pets": 93.21816770926766, "oxford_flowers": 98.68847150259067}